{"cameraMode":{"drawMode":0,"name":"Shaded","section":"Shading Mode"},"sceneLighting":false,"audioPlay":false,"sceneViewState":{"m_AlwaysRefresh":false,"showFog":true,"showSkybox":false,"showFlares":true,"showImageEffects":true,"showParticleSystems":true,"showVisualEffectGraphs":true,"m_FxEnabled":true},"in2DMode":false,"pivot":{"x":307.7801208496094,"y":4.007816314697266,"z":251.50735473632813},"rotation":{"x":0.015366962179541588,"y":-0.9831261038780212,"z":0.15340964496135713,"w":0.09752342849969864},"size":11.687724113464356,"orthographic":false}