{"cameraMode":{"drawMode":0,"name":"Shaded","section":"Shading Mode"},"sceneLighting":false,"audioPlay":false,"sceneViewState":{"m_AlwaysRefresh":false,"showFog":true,"showSkybox":false,"showFlares":true,"showImageEffects":true,"showParticleSystems":true,"showVisualEffectGraphs":true,"m_FxEnabled":true},"in2DMode":false,"pivot":{"x":0.000030517578125,"y":2.000004291534424,"z":0.0000247955322265625},"rotation":{"x":0.04519728198647499,"y":0.8090565204620361,"z":-0.06199456751346588,"w":0.5824323892593384},"size":24.595121383666993,"orthographic":false}