{"cameraMode":{"drawMode":0,"name":"Shaded","section":"Shading Mode"},"sceneLighting":false,"audioPlay":false,"sceneViewState":{"m_AlwaysRefresh":false,"showFog":true,"showSkybox":false,"showFlares":true,"showImageEffects":true,"showParticleSystems":true,"showVisualEffectGraphs":true,"m_FxEnabled":true},"in2DMode":false,"pivot":{"x":508.5174560546875,"y":2.2500014305114748,"z":419.7431640625},"rotation":{"x":-0.0018616277957335115,"y":-0.9969961643218994,"z":0.07221874594688416,"w":-0.025765815749764444},"size":21.569984436035158,"orthographic":false}