{"cameraMode":{"drawMode":0,"name":"Shaded","section":"Shading Mode"},"sceneLighting":false,"audioPlay":false,"sceneViewState":{"m_AlwaysRefresh":false,"showFog":true,"showSkybox":false,"showFlares":true,"showImageEffects":true,"showParticleSystems":true,"showVisualEffectGraphs":true,"m_FxEnabled":true},"in2DMode":false,"pivot":{"x":283.49456787109377,"y":1.9923219680786133,"z":232.7896728515625},"rotation":{"x":0.015366962179541588,"y":-0.9831261038780212,"z":0.15340964496135713,"w":0.09752342849969864},"size":3.4643571376800539,"orthographic":false}