{"cameraMode":{"drawMode":0,"name":"Shaded","section":"Shading Mode"},"sceneLighting":false,"audioPlay":false,"sceneViewState":{"m_AlwaysRefresh":false,"showFog":true,"showSkybox":false,"showFlares":true,"showImageEffects":true,"showParticleSystems":true,"showVisualEffectGraphs":true,"m_FxEnabled":true},"in2DMode":false,"pivot":{"x":291.81170654296877,"y":2.124999761581421,"z":259.0807800292969},"rotation":{"x":0.015366962179541588,"y":-0.9831261038780212,"z":0.15340964496135713,"w":0.09752342849969864},"size":7.754318714141846,"orthographic":false}