{"cameraMode":{"drawMode":0,"name":"Shaded","section":"Shading Mode"},"sceneLighting":false,"audioPlay":false,"sceneViewState":{"m_AlwaysRefresh":false,"showFog":true,"showSkybox":false,"showFlares":true,"showImageEffects":true,"showParticleSystems":true,"showVisualEffectGraphs":true,"m_FxEnabled":true},"in2DMode":false,"pivot":{"x":4.954176902770996,"y":4.281984329223633,"z":6.370448589324951},"rotation":{"x":0.18153013288974763,"y":-0.09125694632530213,"z":0.016314223408699037,"w":0.9788820147514343},"size":3.2378387451171877,"orthographic":false}