{"cameraMode":{"drawMode":0,"name":"Shaded","section":"Shading Mode"},"sceneLighting":false,"audioPlay":false,"sceneViewState":{"m_AlwaysRefresh":false,"showFog":true,"showSkybox":false,"showFlares":true,"showImageEffects":true,"showParticleSystems":true,"showVisualEffectGraphs":true,"m_FxEnabled":true},"in2DMode":false,"pivot":{"x":278.98565673828127,"y":5.306130409240723,"z":231.5682830810547},"rotation":{"x":0.015366962179541588,"y":-0.9831261038780212,"z":0.15340964496135713,"w":0.09752342849969864},"size":10.502588272094727,"orthographic":false}