{"cameraMode":{"drawMode":0,"name":"Shaded","section":"Shading Mode"},"sceneLighting":false,"audioPlay":false,"sceneViewState":{"m_AlwaysRefresh":false,"showFog":true,"showSkybox":false,"showFlares":true,"showImageEffects":true,"showParticleSystems":true,"showVisualEffectGraphs":true,"m_FxEnabled":true},"in2DMode":false,"pivot":{"x":256.74749755859377,"y":2.0000011920928957,"z":268.55328369140627},"rotation":{"x":-0.06665036827325821,"y":0.9044753909111023,"z":-0.15368598699569703,"w":-0.3922523260116577},"size":10.816168785095215,"orthographic":false}